metric,value
BDI_Signal,1.3999996185302743
CuGold_Signal,2.302114286192891
Oil_Signal,-2.9265351476652324
