metric,value
BDI_Signal,1.3999996185302743
CuGold_Signal,2.307304376103485
Oil_Signal,-2.9325573464163215
