metric,value
BDI_Signal,1.3999996185302743
CuGold_Signal,2.1134750768017008
Oil_Signal,-2.5232856816506044
